{"7aFBy1CBLGnZE1Iv6TvEZE": {"anger": 0.10344827586206896, "contempt": 0.27586206896551724, "disgust": 0.27586206896551724, "fear": 0.034482758620689655, "happiness": 0.0, "neutral": 0.13793103448275862, "sadness": 0.1724137931034483, "surprise": 0.0}, "7ATATJztoWLcqDAcVVof0C": {"anger": 0.2, "contempt": 0.24, "disgust": 0.12, "fear": 0.0, "happiness": 0.08, "neutral": 0.2, "sadness": 0.16, "surprise": 0.0}, "7qiZfU4dY1lWllzX7mPBI3": {"anger": 0.038461538461538464, "contempt": 0.07692307692307693, "disgust": 0.038461538461538464, "fear": 0.11538461538461539, "happiness": 0.23076923076923078, "neutral": 0.23076923076923078, "sadness": 0.23076923076923078, "surprise": 0.038461538461538464}, "6mORGLOz79w6VsCRLWYYuK": {"anger": 0.19047619047619047, "contempt": 0.047619047619047616, "disgust": 0.047619047619047616, "fear": 0.23809523809523808, "happiness": 0.0, "neutral": 0.09523809523809523, "sadness": 0.38095238095238093, "surprise": 0.0}, "0tgVpDi06FyKpA1z0VMD4v": {"anger": 0.0, "contempt": 0.0, "disgust": 0.0, "fear": 0.13636363636363635, "happiness": 0.36363636363636365, "neutral": 0.2727272727272727, "sadness": 0.22727272727272727, "surprise": 0.0}, "44uOreAESeRIBaxkuCW4wN": {"anger": 0.13636363636363635, "contempt": 0.09090909090909091, "disgust": 0.045454545454545456, "fear": 0.22727272727272727, "happiness": 0.045454545454545456, "neutral": 0.13636363636363635, "sadness": 0.3181818181818182, "surprise": 0.0}, "2NkbRmygVirMQFCjSkyY7Q": {"anger": 0.043478260869565216, "contempt": 0.043478260869565216, "disgust": 0.08695652173913043, "fear": 0.34782608695652173, "happiness": 0.0, "neutral": 0.13043478260869565, "sadness": 0.34782608695652173, "surprise": 0.0}, "7795WJLVKJoAyVoOtCWqXN": {"anger": 0.09523809523809523, "contempt": 0.14285714285714285, "disgust": 0.0, "fear": 0.19047619047619047, "happiness": 0.047619047619047616, "neutral": 0.19047619047619047, "sadness": 0.3333333333333333, "surprise": 0.0}, "5dXDq9HN54Xj9Iil87u3kB": {"anger": 0.125, "contempt": 0.125, "disgust": 0.16666666666666666, "fear": 0.0, "happiness": 0.20833333333333334, "neutral": 0.2916666666666667, "sadness": 0.08333333333333333, "surprise": 0.0}, "56I4OIGTDhBmX8ZSJJDf1k": {"anger": 0.13636363636363635, "contempt": 0.13636363636363635, "disgust": 0.13636363636363635, "fear": 0.0, "happiness": 0.13636363636363635, "neutral": 0.4090909090909091, "sadness": 0.045454545454545456, "surprise": 0.0}, "5T5KSlHqsArMUX3c40jvr6": {"anger": 0.09090909090909091, "contempt": 0.18181818181818182, "disgust": 0.13636363636363635, "fear": 0.045454545454545456, "happiness": 0.045454545454545456, "neutral": 0.4090909090909091, "sadness": 0.09090909090909091, "surprise": 0.0}, "3wGCJz3Ay0tLt3JdkjVzmB": {"anger": 0.09090909090909091, "contempt": 0.18181818181818182, "disgust": 0.13636363636363635, "fear": 0.0, "happiness": 0.045454545454545456, "neutral": 0.4090909090909091, "sadness": 0.13636363636363635, "surprise": 0.0}, "6YUTL4dYpB9xZO5qExPf05": {"anger": 0.05263157894736842, "contempt": 0.10526315789473684, "disgust": 0.05263157894736842, "fear": 0.0, "happiness": 0.47368421052631576, "neutral": 0.21052631578947367, "sadness": 0.10526315789473684, "surprise": 0.0}, "1wMgSz5vW6txvc0RkbsvSY": {"anger": 0.10526315789473684, "contempt": 0.05263157894736842, "disgust": 0.0, "fear": 0.0, "happiness": 0.42105263157894735, "neutral": 0.3157894736842105, "sadness": 0.10526315789473684, "surprise": 0.0}, "5A6yOHdtgbq4js4JGKMbAM": {"anger": 0.06666666666666667, "contempt": 0.06666666666666667, "disgust": 0.06666666666666667, "fear": 0.0, "happiness": 0.06666666666666667, "neutral": 0.5333333333333333, "sadness": 0.2, "surprise": 0.0}, "5OmumaYiHYXUsYZPGLFTYJ": {"anger": 0.08695652173913043, "contempt": 0.13043478260869565, "disgust": 0.043478260869565216, "fear": 0.043478260869565216, "happiness": 0.30434782608695654, "neutral": 0.30434782608695654, "sadness": 0.08695652173913043, "surprise": 0.0}, "0vicQm86o7GnT42GdG34sA": {"anger": 0.047619047619047616, "contempt": 0.09523809523809523, "disgust": 0.047619047619047616, "fear": 0.3333333333333333, "happiness": 0.0, "neutral": 0.09523809523809523, "sadness": 0.38095238095238093, "surprise": 0.0}, "1U6JWvRennx9ej9KJOYwDm": {"anger": 0.1111111111111111, "contempt": 0.0, "disgust": 0.0, "fear": 0.0, "happiness": 0.5555555555555556, "neutral": 0.3333333333333333, "sadness": 0.0, "surprise": 0.0}, "1EPQ2OcdshHjp3NfpixuxO": {"anger": 0.06666666666666667, "contempt": 0.06666666666666667, "disgust": 0.0, "fear": 0.0, "happiness": 0.6, "neutral": 0.26666666666666666, "sadness": 0.0, "surprise": 0.0}, "45YP8rDBbwelgCkRs8kFrG": {"anger": 0.125, "contempt": 0.125, "disgust": 0.0, "fear": 0.0, "happiness": 0.5, "neutral": 0.25, "sadness": 0.0, "surprise": 0.0}, "6Uq9p5eAhwWPt9rL12mY57": {"anger": 0.0, "contempt": 0.0, "disgust": 0.0, "fear": 0.21052631578947367, "happiness": 0.15789473684210525, "neutral": 0.21052631578947367, "sadness": 0.42105263157894735, "surprise": 0.0}, "1nO2vGrP18kP5ok92k3MOH": {"anger": 0.22727272727272727, "contempt": 0.2727272727272727, "disgust": 0.09090909090909091, "fear": 0.0, "happiness": 0.3181818181818182, "neutral": 0.09090909090909091, "sadness": 0.0, "surprise": 0.0}, "2bi76Yu6Gx3bGDS9scgTpL": {"anger": 0.3333333333333333, "contempt": 0.2222222222222222, "disgust": 0.16666666666666666, "fear": 0.0, "happiness": 0.16666666666666666, "neutral": 0.05555555555555555, "sadness": 0.05555555555555555, "surprise": 0.0}, "1Xa5vuc7DoqQ0ttah1nG19": {"anger": 0.1, "contempt": 0.15, "disgust": 0.1, "fear": 0.15, "happiness": 0.25, "neutral": 0.15, "sadness": 0.1, "surprise": 0.0}, "0upLyFR8Rr52ZpMp5esQoq": {"anger": 0.19047619047619047, "contempt": 0.23809523809523808, "disgust": 0.19047619047619047, "fear": 0.0, "happiness": 0.14285714285714285, "neutral": 0.19047619047619047, "sadness": 0.047619047619047616, "surprise": 0.0}, "2x59pa3xDf8hHZ4N3f5fGQ": {"anger": 0.1111111111111111, "contempt": 0.2222222222222222, "disgust": 0.16666666666666666, "fear": 0.0, "happiness": 0.05555555555555555, "neutral": 0.2222222222222222, "sadness": 0.2222222222222222, "surprise": 0.0}, "0FMhMAFPLg8EljnROSoVnj": {"anger": 0.21052631578947367, "contempt": 0.15789473684210525, "disgust": 0.15789473684210525, "fear": 0.0, "happiness": 0.15789473684210525, "neutral": 0.21052631578947367, "sadness": 0.10526315789473684, "surprise": 0.0}, "1XxUDJp9zsjd6tBSvE3la4": {"anger": 0.4117647058823529, "contempt": 0.29411764705882354, "disgust": 0.29411764705882354, "fear": 0.0, "happiness": 0.0, "neutral": 0.0, "sadness": 0.0, "surprise": 0.0}, "6L89mwZXSOwYl76YXfX13s": {"anger": 0.05, "contempt": 0.15, "disgust": 0.05, "fear": 0.0, "happiness": 0.4, "neutral": 0.25, "sadness": 0.1, "surprise": 0.0}, "7rwNjuGc6Xv4qv5RhPyKLZ": {"anger": 0.0, "contempt": 0.10526315789473684, "disgust": 0.0, "fear": 0.05263157894736842, "happiness": 0.3157894736842105, "neutral": 0.2631578947368421, "sadness": 0.2631578947368421, "surprise": 0.0}, "1jzDzZWeSDBg5fhNc3tczV": {"anger": 0.10526315789473684, "contempt": 0.2631578947368421, "disgust": 0.05263157894736842, "fear": 0.0, "happiness": 0.21052631578947367, "neutral": 0.2631578947368421, "sadness": 0.10526315789473684, "surprise": 0.0}, "7JNh1cfm0eXjqFVOzKLyau": {"anger": 0.058823529411764705, "contempt": 0.29411764705882354, "disgust": 0.17647058823529413, "fear": 0.0, "happiness": 0.29411764705882354, "neutral": 0.058823529411764705, "sadness": 0.11764705882352941, "surprise": 0.0}, "4aVuWgvD0X63hcOCnZtNFA": {"anger": 0.25, "contempt": 0.125, "disgust": 0.0625, "fear": 0.0, "happiness": 0.125, "neutral": 0.25, "sadness": 0.1875, "surprise": 0.0}, "5OQsiBsky2k2kDKy2bX2eT": {"anger": 0.05263157894736842, "contempt": 0.0, "disgust": 0.0, "fear": 0.10526315789473684, "happiness": 0.21052631578947367, "neutral": 0.3157894736842105, "sadness": 0.3157894736842105, "surprise": 0.0}, "66S14BkJDxgkYxLl5DCqOz": {"anger": 0.06666666666666667, "contempt": 0.2, "disgust": 0.06666666666666667, "fear": 0.0, "happiness": 0.26666666666666666,